{"cameraMode":{"drawMode":0,"name":"Shaded","section":"Shading Mode"},"sceneLighting":true,"audioPlay":false,"sceneViewState":{"m_AlwaysRefresh":false,"showFog":true,"showSkybox":true,"showFlares":true,"showImageEffects":true,"showParticleSystems":true,"showVisualEffectGraphs":true,"m_FxEnabled":true},"in2DMode":false,"pivot":{"x":-23.503314971923829,"y":-15.480504989624024,"z":67.94828796386719},"rotation":{"x":0.12340106815099716,"y":-0.7767146825790405,"z":0.5964828729629517,"w":0.16065867245197297},"size":12.329510688781739,"orthographic":true}