{"cameraMode":{"drawMode":0,"name":"Shaded","section":"Shading Mode"},"sceneLighting":true,"audioPlay":false,"sceneViewState":{"m_AlwaysRefresh":false,"showFog":true,"showSkybox":true,"showFlares":true,"showImageEffects":true,"showParticleSystems":true,"showVisualEffectGraphs":true,"m_FxEnabled":true},"in2DMode":false,"pivot":{"x":78.69596099853516,"y":14.397146224975586,"z":113.61024475097656},"rotation":{"x":-0.009343767538666726,"y":-0.9614021182060242,"z":0.2732333540916443,"w":-0.0332271046936512},"size":10.07267951965332,"orthographic":true}