{"cameraMode":{"drawMode":0,"name":"Shaded","section":"Shading Mode"},"sceneLighting":true,"audioPlay":false,"sceneViewState":{"m_AlwaysRefresh":false,"showFog":true,"showSkybox":true,"showFlares":true,"showImageEffects":true,"showParticleSystems":true,"showVisualEffectGraphs":true,"m_FxEnabled":true},"in2DMode":false,"pivot":{"x":-9.243429183959961,"y":-0.9399194717407227,"z":3.203394889831543},"rotation":{"x":-0.016158586367964746,"y":0.9838201999664307,"z":-0.12943215668201447,"w":-0.12282168865203858},"size":2.984333038330078,"orthographic":false}