{"cameraMode":{"drawMode":0,"name":"Shaded","section":"Shading Mode"},"sceneLighting":true,"audioPlay":false,"sceneViewState":{"m_AlwaysRefresh":false,"showFog":true,"showSkybox":true,"showFlares":true,"showImageEffects":true,"showParticleSystems":true,"showVisualEffectGraphs":true,"m_FxEnabled":true},"in2DMode":false,"pivot":{"x":-7.5892205238342289,"y":29.416244506835939,"z":75.14656066894531},"rotation":{"x":0.006093029864132404,"y":-0.988114595413208,"z":0.14813561737537385,"w":0.040640946477651599},"size":0.0003188310656696558,"orthographic":false}