{"cameraMode":{"drawMode":0,"name":"Shaded","section":"Shading Mode"},"sceneLighting":true,"audioPlay":false,"sceneViewState":{"m_AlwaysRefresh":false,"showFog":true,"showSkybox":true,"showFlares":true,"showImageEffects":true,"showParticleSystems":true,"showVisualEffectGraphs":true,"m_FxEnabled":true},"in2DMode":false,"pivot":{"x":3.037442207336426,"y":-0.617363452911377,"z":-3.1671700477600099},"rotation":{"x":-0.047212932258844379,"y":-0.5317059755325317,"z":0.029707325622439386,"w":-0.8451002240180969},"size":5.6371588706970219,"orthographic":false}