{"cameraMode":{"drawMode":0,"name":"Shaded","section":"Shading Mode"},"sceneLighting":true,"audioPlay":false,"sceneViewState":{"m_AlwaysRefresh":false,"showFog":true,"showSkybox":true,"showFlares":true,"showImageEffects":true,"showParticleSystems":true,"showVisualEffectGraphs":true,"m_FxEnabled":true},"in2DMode":false,"pivot":{"x":0.5057859420776367,"y":0.5839893221855164,"z":3.0819902420043947},"rotation":{"x":-0.017112625762820245,"y":0.9828553795814514,"z":-0.13380730152130128,"w":-0.1256968230009079},"size":0.6652530431747437,"orthographic":false}