{"cameraMode":{"drawMode":0,"name":"Shaded","section":"Shading Mode"},"sceneLighting":true,"audioPlay":false,"sceneViewState":{"m_AlwaysRefresh":false,"showFog":true,"showSkybox":true,"showFlares":true,"showImageEffects":true,"showParticleSystems":true,"showVisualEffectGraphs":true,"m_FxEnabled":true},"in2DMode":false,"pivot":{"x":0.637275755405426,"y":1.6347901821136475,"z":2.6520938873291017},"rotation":{"x":-0.033547159284353259,"y":0.9646012783050537,"z":-0.15201647579669953,"w":-0.21286818385124207},"size":0.6453790068626404,"orthographic":false}