{"cameraMode":{"drawMode":0,"name":"Shaded","section":"Shading Mode"},"sceneLighting":true,"audioPlay":false,"sceneViewState":{"m_AlwaysRefresh":false,"showFog":true,"showSkybox":true,"showFlares":true,"showImageEffects":true,"showParticleSystems":true,"showVisualEffectGraphs":true,"m_FxEnabled":true},"in2DMode":false,"pivot":{"x":73.773681640625,"y":14.04951286315918,"z":116.18584442138672},"rotation":{"x":0.00033882190473377705,"y":-0.998946487903595,"z":0.04738471657037735,"w":0.007475637830793858},"size":17.721960067749025,"orthographic":true}