{"cameraMode":{"drawMode":0,"name":"Shaded","section":"Shading Mode"},"sceneLighting":true,"audioPlay":false,"sceneViewState":{"m_AlwaysRefresh":false,"showFog":true,"showSkybox":true,"showFlares":true,"showImageEffects":true,"showParticleSystems":true,"showVisualEffectGraphs":true,"m_FxEnabled":true},"in2DMode":false,"pivot":{"x":-6.564061641693115,"y":11.347663879394532,"z":25.854406356811525},"rotation":{"x":-0.052912697196006778,"y":0.134846493601799,"z":-0.0025781316217035057,"w":-0.9895004034042358},"size":17.180681228637697,"orthographic":false}