{"cameraMode":{"drawMode":0,"name":"Shaded","section":"Shading Mode"},"sceneLighting":false,"audioPlay":false,"sceneViewState":{"m_AlwaysRefresh":false,"showFog":true,"showSkybox":false,"showFlares":true,"showImageEffects":true,"showParticleSystems":true,"showVisualEffectGraphs":true,"m_FxEnabled":true},"in2DMode":false,"pivot":{"x":0.2548322081565857,"y":0.10106447339057923,"z":0.7516334056854248},"rotation":{"x":-0.03893495351076126,"y":0.9586244225502014,"z":-0.16140760481357575,"w":-0.2312401384115219},"size":0.6354692578315735,"orthographic":false}