{"cameraMode":{"drawMode":0,"name":"Shaded","section":"Shading Mode"},"sceneLighting":false,"audioPlay":false,"sceneViewState":{"m_AlwaysRefresh":false,"showFog":true,"showSkybox":false,"showFlares":true,"showImageEffects":true,"showParticleSystems":true,"showVisualEffectGraphs":true,"m_FxEnabled":true},"in2DMode":false,"pivot":{"x":0.5337562561035156,"y":2.4958062171936037,"z":0.05347299575805664},"rotation":{"x":0.0055800387635827068,"y":0.9912082552909851,"z":-0.07358203083276749,"w":0.11146623641252518},"size":6.77614164352417,"orthographic":false}