{"cameraMode":{"drawMode":0,"name":"Shaded","section":"Shading Mode"},"sceneLighting":false,"audioPlay":false,"sceneViewState":{"m_AlwaysRefresh":false,"showFog":true,"showSkybox":false,"showFlares":true,"showImageEffects":true,"showParticleSystems":true,"showVisualEffectGraphs":true,"m_FxEnabled":true},"in2DMode":false,"pivot":{"x":0.4549006223678589,"y":0.29153555631637576,"z":-0.23855334520339967},"rotation":{"x":0.019471554085612298,"y":0.7659072875976563,"z":-0.023221779614686967,"w":0.6422408819198608},"size":0.7180706262588501,"orthographic":false}