{"cameraMode":{"drawMode":0,"name":"Shaded","section":"Shading Mode"},"sceneLighting":false,"audioPlay":false,"sceneViewState":{"m_AlwaysRefresh":false,"showFog":true,"showSkybox":false,"showFlares":true,"showImageEffects":true,"showParticleSystems":true,"showVisualEffectGraphs":true,"m_FxEnabled":true},"in2DMode":false,"pivot":{"x":0.43928420543670657,"y":0.13264000415802003,"z":0.18554392457008363},"rotation":{"x":-0.03979124501347542,"y":-0.734696626663208,"z":0.043259140104055408,"w":-0.6758571863174439},"size":2.36026668548584,"orthographic":false}