{"cameraMode":{"drawMode":0,"name":"Shaded","section":"Shading Mode"},"sceneLighting":false,"audioPlay":false,"sceneViewState":{"m_AlwaysRefresh":false,"showFog":true,"showSkybox":false,"showFlares":true,"showImageEffects":true,"showParticleSystems":true,"showVisualEffectGraphs":true,"m_FxEnabled":true},"in2DMode":false,"pivot":{"x":0.3001127243041992,"y":0.5285054445266724,"z":0.35000017285346987},"rotation":{"x":-0.13006412982940675,"y":-0.6711978316307068,"z":0.12131556868553162,"w":-0.7196335196495056},"size":1.4047181606292725,"orthographic":false}